"","baseMean","log2FoldChange","lfcSE","stat","pvalue","padj"
"YAL005W",4225.11389702788,2.32862686743369,0.0281241211628192,82.7982091938998,0,0
"YAL015W",1500.74648206011,2.36247587907253,0.050234019390148,47.0294017431513,0,0
"YAL010W",473.404569143935,-3.30406029301155,0.113449583688384,-29.1235999780037,1.80448228727948e-186,3.00747047879913e-185
"YAL025W",540.012636829156,2.31544630204342,0.0832811101285993,27.8027790271768,4.01480246082179e-170,5.01850307602723e-169
"YAL020W",165.649716146736,-3.54214118800701,0.203363015463459,-17.4178238847146,6.04322028218851e-68,6.04322028218851e-67
"YAL030W",56.3907850251876,-2.92823240880702,0.29963469282305,-9.77267479015286,1.47505381079245e-22,1.22921150899371e-21
"YAL019W",334.529795035206,0.177830675426305,0.0961050486079898,1.85037808108991,0.0642590759130869,0.458993399379192
"YAL012W",670.452890854179,-0.089063098321452,0.064178139213898,-1.38774821788795,0.165213727761922,0.874595866095965
"YAL040W",34.9328348785019,-0.342189592886583,0.246218664685585,-1.38977925708252,0.164595918787219,0.874595866095965
"YAL049W",13.5809798515182,-0.602572096296218,0.444189318604467,-1.35656593046711,0.174919173219193,0.874595866095965
"YAL024W",202.932883513361,0.148783475554846,0.116443630677555,1.27772961637415,0.201344778829986,0.915203540136301
"YAL041W",31.2348878042031,-0.3252784756065,0.269769898356137,-1.2057626799306,0.227909009144507,0.949620871435447
"YAL001W",2200.42088073064,0.024738603667363,0.0357479111022833,0.692029349535417,0.48891889782124,0.996606800722727
"YAL002W",1954.34376104301,-0.00740342427867336,0.03675865713141,-0.201406276954203,0.840380907478799,0.996606800722727
"YAL003W",1739.98497640744,0.0208311090736448,0.0399300972669821,0.521689414738037,0.601886595940864,0.996606800722727
"YAL004W",1560.51149259662,0.00753235814327202,0.0420049484068733,0.179320733126755,0.857685868025665,0.996606800722727
"YAL006W",1289.59141690497,-0.00619217457931841,0.0458710203468916,-0.134990992842347,0.892618995816523,0.996606800722727
"YAL007W",1146.26312578233,0.00855311496776041,0.0493508789241647,0.173312312854724,0.862405945888619,0.996606800722727
"YAL008W",1039.48157919337,0.025915623836024,0.0519731323991185,0.498635018513211,0.618036530513901,0.996606800722727
"YAL009W",934.215258052572,0.0267433062523328,0.054697580097516,0.488930336674023,0.624891017323245,0.996606800722727
"YAL011W",749.865000041729,-0.00283230832500723,0.0611835198818375,-0.0462920134454051,0.963077504834127,0.996606800722727
"YAL013W",613.907771565155,0.0165147742030515,0.0676775409377179,0.24402148739786,0.807214178333873,0.996606800722727
"YAL014W",548.295754416562,0.0210531477905872,0.0725669611081885,0.290120289854766,0.771724213963254,0.996606800722727
"YAL016W",461.230649221211,-0.0131930266641003,0.0785766448379448,-0.167900101758091,0.866661870073729,0.996606800722727
"YAL017W",398.08180631091,0.0515460134151169,0.0843474897820349,0.611114966768052,0.541123472106415,0.996606800722727
"YAL018W",352.974745957563,0.00174305331847666,0.090047873420458,0.0193569626051896,0.984556342835105,0.996606800722727
"YAL021W",261.293542879915,0.0621216692363442,0.104748466790426,0.59305564214733,0.553143915042364,0.996606800722727
"YAL022W",239.084010228227,0.0290058138449453,0.108220784993089,0.268024426608971,0.788680516673293,0.996606800722727
"YAL023W",222.118937297529,-0.118627953697144,0.11299806099396,-1.04982291424881,0.293799538024377,0.996606800722727
"YAL026W",145.970831787884,-0.0909819992074201,0.140625028777889,-0.646982973074601,0.517642963407306,0.996606800722727
"YAL027W",140.172074849677,-0.0709052764626851,0.139724756984465,-0.507463945495132,0.611829327970708,0.996606800722727
"YAL028W",125.805344927716,-0.0587380594304249,0.149824894068713,-0.392044725247638,0.695025167619894,0.996606800722727
"YAL029W",111.728833680772,-0.000658832866707886,0.154918985004277,-0.00425275744409052,0.996606800722727,0.996606800722727
"YAL031W",92.2771055253439,0.0290583099913847,0.17153144739874,0.169405146590036,0.865477975620492,0.996606800722727
"YAL032W",83.6249533969542,0.0116736159350311,0.184277764242293,0.0633479355636327,0.949489445325982,0.996606800722727
"YAL033W",72.4122279769814,-0.21573785738859,0.208424278757425,-1.03508985937131,0.300626947891929,0.996606800722727
"YAL034W",68.8251880092215,-0.12449768496575,0.211698364207154,-0.588089971464894,0.556471904078912,0.996606800722727
"YAL035W",59.5932039363911,0.173388945267225,0.218808814492886,0.792422122797352,0.428114584165984,0.996606800722727
"YAL036W",49.2145967984049,-0.0625223943996062,0.216674327235348,-0.288554694953295,0.772922169449186,0.996606800722727
"YAL037W",50.8573793599454,-0.0657400998565962,0.223776604170619,-0.293775571848756,0.768929402682307,0.996606800722727
"YAL038W",53.0175700501971,0.0705423198620556,0.220682642571911,0.319655044184405,0.74922984255009,0.996606800722727
"YAL039W",37.8861732478195,0.0189204568806579,0.233797472612047,0.0809266955252918,0.935500249630568,0.996606800722727
"YAL042W",26.2617938615055,0.0767667850770502,0.314908687488927,0.243774745273578,0.807405280705085,0.996606800722727
"YAL043W",26.1956098218728,-0.341938598237111,0.324204719442809,-1.05469963183997,0.291562720228343,0.996606800722727
"YAL044W",23.0402956436605,0.298646113043817,0.393982629430098,0.758018477809069,0.448439921016936,0.996606800722727
"YAL045W",19.4833003636751,0.0801247608482985,0.43622004486721,0.183679685954572,0.854264746016501,0.996606800722727
"YAL046W",19.8220434050571,0.0862030944029897,0.462875231107987,0.18623397539904,0.852261281477826,0.996606800722727
"YAL047W",18.3895641316017,0.136287974021012,0.443176895713498,0.307524998119753,0.758443798533435,0.996606800722727
"YAL048W",16.7619315988062,-0.0336640922013774,0.470743143753413,-0.0715126553579961,0.942989752826959,0.996606800722727
"YAL050W",13.6866330534037,0.038183896085475,0.433850190003952,0.0880117076475804,0.929867370896928,0.996606800722727
